https://www.reaspekt.ru/,div,,222
https://www.reaspekt.ru/,div,header-middle,1
https://www.reaspekt.ru/about/,div,,247
https://www.reaspekt.ru/about/,div,,247
https://www.reaspekt.ru/about/,div,,247
https://www.reaspekt.ru/about/,div,,247
https://www.reaspekt.ru/about/,div,,247
https://www.reaspekt.ru/about/,div,,247
https://www.reaspekt.ru/about/,div,,247
https://www.reaspekt.ru/about/,div,,247
https://www.reaspekt.ru/about/,div,,247
https://www.reaspekt.ru/about/,div,,247
https://www.reaspekt.ru/about/,div,,247
